,Total_value_todate,Return_without_trailing,Return_trailing_12m
2019-01-02,10000.0,100.0,
2019-01-03,10091.470852877494,100.91470852877494,
2019-01-04,10065.452501760952,100.65452501760952,
2019-01-08,10440.686713755646,104.40686713755645,
2019-01-09,10470.770063915334,104.70770063915333,
2019-01-10,10573.031836948014,105.73031836948014,
2019-01-11,10528.198096419093,105.28198096419092,
2019-01-16,10613.76966430257,106.1376966430257,
2019-01-17,10583.660854043406,105.83660854043406,
2019-01-18,10790.383452302995,107.90383452302994,
2019-01-22,10745.668755455717,107.45668755455718,
2019-01-23,10708.29525500976,107.08295255009759,
2019-01-24,10595.168640816175,105.95168640816175,105.95168640816175
2019-01-25,10567.807015840655,105.67807015840656,104.72018568856431
2019-01-29,10567.176563251845,105.67176563251846,104.98461506229468
2019-01-30,10581.10465323553,105.8110465323553,101.34491095585585
2019-01-31,10688.566875056777,106.88566875056777,102.08004578280274
2019-02-01,10828.858483771672,108.28858483771671,102.41961483488265
2019-02-05,10913.481804410007,109.13481804410006,103.65954082989717
2019-02-06,10988.073490216946,109.88073490216945,103.5265870445001
2019-02-07,10997.019611468624,109.97019611468623,103.9056311717254
2019-02-08,10999.329902198971,109.99329902198971,101.93641357436081
2019-02-12,11244.610024599026,112.44610024599027,104.64318490080005
2019-02-13,11213.454234255949,112.13454234255948,104.7174547135302
2019-02-14,11223.540354645505,112.23540354645505,105.93073819899979
2019-02-15,11333.935399131706,113.33935399131705,107.24964396248586
2019-02-20,11341.806364198444,113.41806364198443,107.33052766091211
2019-02-21,11253.807708826276,112.53807708826275,106.35758815016582
2019-02-22,11356.154640817434,113.56154640817435,106.24581174973574
2019-02-26,11376.298302405552,113.76298302405552,105.05537882367089
2019-02-27,11324.157422999857,113.24157422999856,103.76301189620256
2019-02-28,11368.006305501689,113.6800630550169,103.45768360234405
2019-03-01,11454.86257280322,114.54862572803219,104.1633367722389
2019-03-05,11401.856450254476,114.01856450254475,103.65955518776677
2019-03-06,11396.905512611027,113.96905512611026,101.35438656991069
2019-03-07,11305.674134623547,113.05674134623547,100.8224040375166
2019-03-08,11195.961182996898,111.95961182996899,99.75427386745046
2019-03-12,11409.553236671829,114.0955323667183,100.66718077064314
2019-03-13,11474.980206945987,114.74980206945989,101.17418547338208
2019-03-14,11476.347430652175,114.76347430652174,101.97746156308823
2019-03-15,11498.212233325487,114.98212233325486,101.25093041615914
2019-03-19,11594.713104421502,115.94713104421501,101.91991099573896
2019-03-20,11577.477469536441,115.77477469536441,102.23698803428924
2019-03-21,11598.148039153259,115.98148039153257,102.02446873679327
2019-03-22,11799.794609004064,117.99794609004064,103.01122806152037
2019-03-26,11816.920362839415,118.16920362839416,103.64031870069435
2019-03-27,11835.90989465347,118.35909894653471,103.8519612324299
2019-03-28,11795.378451125225,117.95378451125225,104.33149152072198
2019-03-29,11917.616478457889,119.17616478457889,106.44567521864006
2019-04-02,12089.76027877063,120.89760278770629,105.96173248845997
2019-04-03,12150.09565333561,121.50095653335609,105.88336915806586
2019-04-04,12141.12257447488,121.4112257447488,105.79256725922359
2019-04-05,12099.625080873931,120.99625080873932,105.23049005657906
2019-04-09,12091.22076097489,120.9122076097489,104.28219009889989
2019-04-10,12143.478613467763,121.43478613467764,104.88881231184106
2019-04-11,12195.133187430922,121.95133187430922,105.14724545903664
2019-04-12,12214.649701115586,122.14649701115586,103.51578231535453
2019-04-16,12251.325065055345,122.51325065055345,103.67612447979255
2019-04-17,12157.447034741215,121.57447034741216,102.71662375727438
2019-04-18,12018.470177142468,120.18470177142468,101.891348606928
2019-04-23,12014.01373030798,120.1401373030798,100.80886351750232
2019-04-24,12138.74002543289,121.38740025432891,100.40513414271967
2019-04-25,12160.2214794377,121.602214794377,100.08333947642059
2019-04-26,12183.004779005681,121.83004779005682,100.34496154926278
2019-04-30,12242.70658699294,122.4270658699294,101.18252842681198
2019-05-01,12302.905697880053,123.02905697880053,101.75073254462765
2019-05-02,12121.256963395055,121.21256963395055,99.81700754141352
2019-05-03,12227.384233577506,122.27384233577506,100.26445833473818
2019-05-07,12102.976678931263,121.02976678931263,99.08574519190572
2019-05-08,11987.434963327725,119.87434963327726,97.846028080013
2019-05-09,11948.59710482071,119.4859710482071,98.28212346454241
2019-05-10,11982.802249973405,119.82802249973406,99.70322406559782
2019-05-14,11912.766783534564,119.12766783534563,99.15725960493954
2019-05-15,11928.348939949481,119.2834893994948,98.26677987136556
2019-05-16,12077.438480454357,120.77438480454357,99.31923115772747
2019-05-17,12085.886026590259,120.85886026590258,99.20283415974043
2019-05-21,12099.59409227185,120.99594092271848,98.83103876006358
2019-05-22,12087.234173445786,120.87234173445786,98.24698709613429
2019-05-23,12078.262998284861,120.7826299828486,99.64530110004242
2019-05-24,12141.738776008064,121.41738776008064,99.29956026625668
2019-05-29,12011.677519043018,120.11677519043018,99.24564706426992
2019-05-30,11979.195585536376,119.79195585536375,99.9312665485439
2019-05-31,11951.49814330366,119.51498143303658,100.02427932298244
2019-06-04,12066.095360630576,120.66095360630575,100.69510544294724
2019-06-05,12232.924355200008,122.32924355200008,102.68751648951908
2019-06-06,12387.762621740138,123.87762621740137,103.85144401881156
2019-06-07,12512.368357041501,125.12368357041501,103.60117650188008
2019-06-11,12606.228526739575,126.06228526739574,104.30537321802065
2019-06-12,12580.950983317722,125.80950983317723,103.97828958041924
2019-06-13,12683.458830205887,126.83458830205888,104.93268061331959
2019-06-14,12687.119913136825,126.87119913136824,105.04093109198254
2019-06-18,12779.085901244782,127.79085901244783,105.24922448913254
2019-06-19,12735.477028330839,127.3547702833084,106.02579871246398
2019-06-20,12927.065421642752,129.27065421642752,107.91263344302375
2019-06-21,12899.848041580255,128.99848041580256,107.93498762168115
2019-06-25,12863.665006500158,128.6366500650016,106.61000615387064
2019-06-26,12757.280297931251,127.5728029793125,104.28643166184828
2019-06-27,12660.100821189504,126.60100821189504,102.19844541557022
2019-06-28,12732.872761894447,127.32872761894447,101.7622915067782
2019-07-02,12897.650976850413,128.97650976850412,102.3117338345302
2019-07-03,13002.355759366581,130.02355759366583,103.34954628316761
2019-07-05,13025.547693317174,130.25547693317174,102.6971259787322
2019-07-09,13000.487490133804,130.00487490133804,102.46996622671236
2019-07-10,13103.005317825931,131.03005317825932,102.53476202511165
2019-07-11,13020.263210590025,130.20263210590025,102.23616423339041
2019-07-12,12949.669679477878,129.49669679477879,100.17485993222624
2019-07-16,12992.703058136962,129.9270305813696,100.71981480911563
2019-07-17,12967.649110264136,129.67649110264136,100.80835519046425
2019-07-18,12889.752877846564,128.89752877846564,101.03840769209089
2019-07-19,13016.470661705875,130.16470661705876,102.81490523298129
2019-07-23,12917.74479394381,129.1774479394381,101.45192711422224
2019-07-24,12915.084301230137,129.15084301230138,100.13516666260402
2019-07-25,12943.318443835358,129.43318443835358,99.54594908319831
2019-07-26,12989.388362210093,129.89388362210093,99.7223968468855
2019-07-30,12945.53395014656,129.45533950146563,99.57729631270405
2019-07-31,12957.736502696525,129.57736502696525,98.89133209057181
2019-08-01,12797.694074037387,127.97694074037386,98.29059418421271
2019-08-02,12760.396983962595,127.60396983962595,98.53839750202096
2019-08-06,12424.283171685696,124.24283171685697,95.6250836803718
2019-08-07,12494.80784067068,124.94807840670681,96.35368550172142
2019-08-08,12776.189879946473,127.76189879946473,99.11896683376087
2019-08-09,12948.721994257787,129.48721994257787,99.47951584412661
2019-08-13,12799.566180700356,127.99566180700357,99.08514516172467
2019-08-14,12864.990291978389,128.6499029197839,99.61212789569653
2019-08-15,12670.880687989216,126.70880687989217,97.89514754637055
2019-08-16,12870.539909712825,128.70539909712824,99.08503426656306
2019-08-20,13042.603956689445,130.42603956689445,100.74983393436456
2019-08-21,13067.242483234819,130.67242483234818,100.8451011526242
2019-08-22,13095.245712834905,130.95245712834904,102.3250410353312
2019-08-23,13067.79795541054,130.6779795541054,102.4090235737516
2019-08-27,13069.482201815483,130.69482201815484,105.19304833296268
2019-08-28,12998.420883658076,129.98420883658076,104.03057853637519
2019-08-29,13148.333985627163,131.48333985627164,102.91279410510961
2019-08-30,13186.669015217696,131.86669015217694,101.8376100827976
2019-09-04,13187.59188250919,131.8759188250919,103.03155354119669
2019-09-05,13299.390342532583,132.9939034253258,103.37660612791176
2019-09-06,13201.804903766779,132.0180490376678,104.19011297518435
2019-09-10,12780.456927876136,127.80456927876136,99.30008389338269
2019-09-11,12541.516369917072,125.41516369917072,96.15807097695878
2019-09-12,12688.406923175067,126.88406923175066,97.10087602226871
2019-09-13,12652.658005299605,126.52658005299604,96.62024129030652
2019-09-17,12630.848460058594,126.30848460058594,96.65628825267356
2019-09-18,12817.882691919463,128.17882691919465,98.07490835512161
2019-09-19,12820.172618783756,128.20172618783755,98.6286929276277
2019-09-20,12832.398625147227,128.32398625147226,97.59714530506074
2019-09-24,12837.449136071613,128.37449136071612,97.35172029613335
2019-09-25,12696.518303835892,126.9651830383589,96.2762452535052
2019-09-26,12835.53694955732,128.3553694955732,96.51222062794999
2019-09-27,12844.80321395219,128.4480321395219,97.29581150140517
2019-10-01,12770.231988043013,127.70231988043012,99.91999550649226
2019-10-02,12493.974328031258,124.93974328031258,99.62092269799328
2019-10-03,12403.786054547229,124.03786054547228,97.75684315335138
2019-10-04,12534.682138480772,125.34682138480773,99.06758037110133
2019-10-08,12591.227636926751,125.91227636926752,99.68631700984196
2019-10-09,12589.162174147506,125.89162174147506,98.21561389451516
2019-10-10,12623.007798833445,126.23007798833446,98.46207359438023
2019-10-11,12749.657953636859,127.49657953636859,99.3552205325961
2019-10-15,12717.025347508888,127.17025347508888,99.06193366543242
2019-10-16,12673.250293849056,126.73250293849057,99.81673708153671
2019-10-17,12750.93411542214,127.50934115422142,99.3408703160011
2019-10-18,12774.036813063305,127.74036813063306,99.44906590073707
2019-10-22,12885.070150357622,128.85070150357623,100.89926449591624
2019-10-23,12695.305395802865,126.95305395802865,101.6114253358109
2019-10-24,12766.36845178662,127.6636845178662,102.9231590713101
2019-10-25,12787.72949741995,127.8772949741995,102.01877762948881
2019-10-29,12892.253118969196,128.92253118969197,102.39075561750323
2019-10-30,12910.02708984146,129.1002708984146,102.5487392350292
2019-10-31,12960.739301948024,129.60739301948024,102.6755232072802
2019-11-01,13004.123703858299,130.04123703858298,101.99586334901521
2019-11-05,12900.754067132106,129.00754067132107,101.44474603614128
2019-11-06,12831.674292466503,128.31674292466505,101.25006604418077
2019-11-07,12879.18396872875,128.7918396872875,101.00580751296874
2019-11-08,12782.27728341884,127.82277283418838,100.06450952409271
2019-11-12,12867.320398729087,128.67320398729086,99.86224559570564
2019-11-13,12822.562668736839,128.2256266873684,101.00239631081303
2019-11-14,12886.64824728692,128.8664824728692,100.94216139816538
2019-11-15,13000.909401637042,130.00909401637043,101.66706610630216
2019-11-19,13036.02645775806,130.3602645775806,101.11519171600285
2019-11-20,12954.691420543259,129.54691420543259,100.34596620433851
2019-11-21,12909.74325002429,129.09743250024292,99.60653439024063
2019-11-26,13053.72535538474,130.5372535538474,100.38143017288989
2019-11-27,13094.255320779046,130.94255320779047,101.49992204052577
2019-11-29,13090.535634282562,130.9053563428256,102.01736216113306
2019-12-03,12802.066920068073,128.02066920068074,99.40122721402287
2019-12-04,12905.817068985201,129.058170689852,100.96649276828487
2019-12-06,13041.242576639741,130.4124257663974,101.35165809602312
2019-12-10,12980.64707724417,129.80647077244168,101.23286126643593
2019-12-11,12987.133806156973,129.87133806156973,100.77976489263769
2019-12-12,13005.614070357955,130.05614070357956,100.03618722795132
2019-12-13,13037.603511624437,130.37603511624437,100.01209765776011
2019-12-17,13232.928506808537,132.32928506808537,102.14777085175535
2019-12-18,13190.86036944217,131.90860369442169,102.17755778696336
2019-12-19,13158.62973610663,131.5862973610663,100.80363557425862
2019-12-20,13289.134344555077,132.89134344555077,101.48827878334387
2019-12-24,13266.005292446536,132.66005292446536,101.34043146182987
2019-12-26,13291.94888233854,132.9194888233854,103.82658492045955
2019-12-27,13334.276056242355,133.34276056242356,103.31989044139492
2019-12-31,13210.81305040978,132.1081305040978,101.30026316720604
2020-01-02,13322.8331219394,133.22833121939402,102.63612470671899
2020-01-03,13193.038719928152,131.9303871992815,101.58545308645056
2020-01-07,13236.669814130844,132.36669814130843,101.77658465431098
2020-01-08,13268.722991024382,132.68722991024381,101.77271443477996
2020-01-09,13377.131248014279,133.77131248014277,101.08972659477111
2020-01-10,13420.474770953177,134.20474770953177,101.74070830165809
2020-01-14,13449.739372428952,134.49739372428954,102.2123096565559
2020-01-15,13445.51432570274,134.45514325702737,101.1767506979244
2020-01-16,13539.541388219164,135.39541388219166,102.06193265977646
2020-01-17,13643.417413459649,136.43417413459647,102.6442212066292
2020-01-22,13670.308212511578,136.70308212511577,102.52006299293551
2020-01-23,13603.413938069893,136.03413938069892,102.97181472602803
2020-01-24,13723.047915722476,137.23047915722478,103.00397663259793
2020-01-28,13380.782425516189,133.80782425516188,101.42305127403628
2020-01-29,13526.07576652415,135.2607576652415,102.18639549416237
2020-01-30,13390.330022639111,133.9033002263911,100.91649386076557
2020-01-31,13468.681859790295,134.68681859790294,100.68438150212218
2020-02-04,13469.282620862565,134.69282620862563,100.36368199145254
2020-02-05,13628.209810951685,136.28209810951682,101.32694347139979
2020-02-06,13623.390014786988,136.2339001478699,101.32293703889196
2020-02-07,13614.877330520394,136.14877330520395,100.55641428421482
2020-02-11,13768.313007547831,137.68313007547832,100.91542749373752
2020-02-12,13751.320986580273,137.51320986580274,100.59261848971737
2020-02-13,13738.923326779299,137.389233267793,100.99614250750817
2020-02-14,13871.817369914676,138.71817369914677,101.0840846370707
2020-02-19,14009.751004365333,140.09751004365333,104.70053662669044
2020-02-20,13972.934138853589,139.7293413885359,103.3036808313271
2020-02-21,13906.384097190394,139.06384097190394,103.85393096121445
2020-02-25,13482.185095206558,134.82185095206557,100.10025654742485
2020-02-26,13090.836903489919,130.9083690348992,97.19030531895982
2020-02-27,12762.075341236014,127.62075341236014,93.64454699677692
2020-02-28,12107.359258750846,121.07359258750847,88.87185381618949
2020-03-04,12887.644473697083,128.87644473697083,94.65854271640717
2020-03-05,12979.521376336867,129.79521376336868,94.27096383719235
2020-03-06,12529.037951569018,125.29037951569018,91.1115227678558
2020-03-11,11866.666150842828,118.66666150842829,86.37260627048445
2020-03-12,10571.943781912061,105.71943781912061,76.21167075657
2020-03-13,10950.22943705313,109.50229437053132,78.16148505166952
2020-03-18,9706.577192721026,97.06577192721026,69.46699309009557
2020-03-19,9686.55917468516,96.8655917468516,69.65548417896932
2020-03-20,9432.801593855615,94.32801593855615,69.9649317024237
2020-03-25,8764.793454667642,87.64793454667642,66.95365253791387
2020-03-26,8207.162766059972,82.07162766059972,64.30899792247351
2020-03-27,8342.383994311896,83.42383994311896,68.90341498937734
2020-04-01,8836.398493075003,88.36398493075002,68.56488407256708
2020-04-02,8907.057190279074,89.07057190279075,68.62392635307528
2020-04-03,9313.66481920659,93.13664819206589,74.33663187236363
2020-04-08,10106.272522063879,101.0627252206388,85.16522158454826
2020-04-09,10407.627389418229,104.07627389418228,98.4457314957069
2020-04-15,10633.163478147153,106.33163478147154,97.10448113686917
2020-04-16,10781.839256663385,107.81839256663386,111.07766458344037
2020-04-17,11393.166182475032,113.93166182475032,117.61829951186296
2020-04-22,11339.921799988711,113.39921799988713,120.21796162208443
2020-04-23,11443.22985820373,114.43229858203729,130.55903618709576
2020-04-24,11480.653485752153,114.80653485752153,139.88577798443848
2020-04-29,11607.1940391902,116.071940391902,139.13521658921906
2020-04-30,11592.303357492092,115.92303357492091,131.1881007468921
2020-05-01,11386.320663542036,113.86320663542035,127.83482153868691
2020-05-06,11743.237402363182,117.43237402363182,126.08610713740032
2020-05-07,11791.170721590865,117.91170721590865,116.6718065028282
2020-05-08,11845.374235883653,118.45374235883655,113.81435741951358
2020-05-13,11880.611423004279,118.8061142300428,111.73167277471873
2020-05-14,11568.65619242077,115.6865619242077,107.29761330165555
2020-05-15,11648.474563440393,116.48474563440394,102.24089052047778
2020-05-20,12030.462406719158,120.30462406719158,106.08946533238999
2020-05-21,12021.28354076012,120.21283540760119,105.05149061689065
2020-05-22,11923.01562079096,119.2301562079096,103.85310936862429
2020-05-28,11950.435866979598,119.50435866979599,102.95714732286274
2020-05-29,12080.771883747495,120.80771883747494,104.21373139739055
2020-06-03,12382.49537349784,123.82495373497842,108.74887278684736
2020-06-04,12274.69688842909,122.74696888429091,104.52566415764497
2020-06-05,12250.300563274435,122.50300563274435,103.89384440717882
2020-06-10,12476.457469502282,124.76457469502282,105.32767661917227
2020-06-11,12210.27315358877,122.10273153588771,102.7747875832903
2020-06-12,12074.56237175803,120.74562371758029,104.37307644831475
2020-06-17,12361.398758825424,123.61398758825423,106.12032237785536
2020-06-18,12286.680208934711,122.8668020893471,102.12974192972378
2020-06-19,12476.767985395058,124.76767985395058,103.78898345663792
2020-06-24,12378.365424649257,123.78365424649257,103.81908250681373
2020-06-25,12157.261805003101,121.57261805003101,101.73069786178249
2020-06-26,12130.751571348372,121.30751571348372,100.41371270049486
2020-07-01,12387.460449800183,123.87460449800183,100.0400975421559
2020-07-02,12584.550802614167,125.84550802614167,102.52433047432041
2020-07-08,12771.497594031938,127.71497594031938,104.25456524977041
2020-07-09,12935.818886329213,129.35818886329213,103.68182569411071
2020-07-10,13116.938716595763,131.16938716595763,107.42543227004313
2020-07-15,13195.392652655068,131.95392652655067,109.28257477487233
2020-07-16,13158.922009507894,131.58922009507893,106.45172335463313
2020-07-17,13230.149627627776,132.30149627627776,107.67879852530862
2020-07-22,13478.902087858907,134.78902087858907,108.03200078447335
2020-07-23,13552.577652076307,135.5257765207631,109.48600390394697
2020-07-24,13190.493702365648,131.90493702365646,108.4988866237736
2020-07-29,13427.66569278093,134.2766569278093,110.69112753488201
2020-07-30,13458.194660431129,134.5819466043113,108.64369428237583
2020-07-31,13643.407742436444,136.43407742436443,108.4139430674182
2020-08-05,13836.96330649671,138.3696330649671,108.34252760586713
2020-08-06,13856.78267278284,138.5678267278284,107.11948578243404
2020-08-07,13834.645254846679,138.34645254846677,105.47160091053
2020-08-12,13887.967823805764,138.87967823805764,105.24861358340361
2020-08-13,13999.55838611337,139.9955838611337,106.38833770728391
2020-08-14,14083.383714675281,140.8338371467528,106.44916430321956
2020-08-19,14247.285803602435,142.47285803602438,105.70064023564387
2020-08-20,14115.634294555604,141.15634294555605,104.15460923327035
2020-08-21,14149.110130518942,141.49110130518943,107.26747951808181
2020-08-26,14334.84716706466,143.3484716706466,106.75606240905636
2020-08-27,14424.009402990472,144.24009402990472,107.17640639720398
2020-08-28,14348.168932585793,143.48168932585793,105.16558035539217
2020-09-03,14639.736970596756,146.39736970596755,105.80166071354058
2020-09-04,14132.978415434141,141.3297841543414,101.99321696221591
2020-09-09,13763.712228637076,137.63712228637075,99.48727976104227
2020-09-10,13978.918642497152,139.78918642497152,100.65488932466768
2020-09-11,13820.468674551737,138.2046867455174,98.72074742200955
2020-09-16,14186.96007924653,141.8696007924653,100.73545084526327
2020-09-17,13759.586397699473,137.59586397699474,96.57689603040288
2020-09-18,13892.888880832998,138.92888880832996,98.42199500869387
2020-09-23,14001.95622798055,140.01956227980548,98.95997768636356
2020-09-24,13580.921474149553,135.8092147414955,94.74060878272002
2020-09-25,13638.166999309457,136.38166999309456,94.55184490161183
2020-09-30,14198.533550182881,141.9853355018288,98.95711164883849
2020-10-01,14387.743323332144,143.87743323332145,98.27870099189126
2020-10-02,14066.145977080545,140.66145977080544,99.5271170988232
2020-10-07,14479.526017255803,144.79526017255805,105.2007320171181
2020-10-08,14665.864913620066,146.65864913620067,104.91415887516891
2020-10-09,14745.178379897245,147.45178379897243,106.69087081719752
2020-10-14,15188.600189435876,151.88600189435877,107.06028708471945
2020-10-15,14828.031633057679,148.2803163305768,107.76509703472514
2020-10-16,15181.666698282914,151.81666698282913,109.27652865076858
2020-10-21,15033.542431247479,150.3354243124748,107.36744342340879
2020-10-22,14880.404060232211,148.80404060232212,109.56844193934958
2020-10-23,14968.676457116546,149.68676457116544,109.75577918846761
2020-10-28,14464.984784783033,144.64984784783033,101.87661094477409
2020-10-29,14305.156995657167,143.05156995657165,99.42599526681124
2020-10-30,14277.415973045936,142.77415973045936,101.50197499947488
2020-11-04,14874.214203859017,148.74214203859017,102.72583637152796
2020-11-05,15323.453914748261,153.23453914748262,104.48380647852208
2020-11-06,15460.976728978907,154.6097672897891,104.8544570342909
2020-11-11,15345.755280809462,153.45755280809465,101.03469108024117
2020-11-12,15507.657706260597,155.076577062606,104.58338699310403
2020-11-13,15489.88875635913,154.8988875635913,102.03022543046
2020-11-18,15403.223343978252,154.03223343978252,102.45904060484364
2020-11-19,15254.322343249118,152.54322343249117,102.5128234522623
2020-11-20,15429.07374280695,154.2907374280695,103.07573810556589
2020-11-25,15543.698995304274,155.43698995304274,107.45741683500445
2020-11-27,15551.519576764851,155.51519576764852,108.71268019977734
2020-12-02,15698.4492262727,156.984492262727,109.95301429831214
2020-12-03,15663.827828338204,156.63827828338205,105.30860732309695
2020-12-04,15691.205358507352,156.91205358507352,102.3999252766711
2020-12-09,15995.16259812984,159.9516259812984,103.45505900768673
2020-12-10,15743.722568008268,157.4372256800827,102.59333789648322
2020-12-11,15735.989000487789,157.35989000487788,101.47237770237223
2020-12-16,16029.991265186436,160.29991265186436,103.48680689269362
2020-12-17,16090.700336274089,160.90700336274088,104.46320212947246
2020-12-18,16183.04065210424,161.83040652104242,106.08823052219118
2020-12-23,16197.120476445736,161.97120476445735,104.97791861288401
2020-12-24,16199.319111996914,161.99319111996914,104.21791567689714
2020-12-30,16206.870803223146,162.06870803223146,104.21406553374655
2020-12-31,16252.814836354475,162.52814836354474,103.53133995652257
2021-01-06,16153.715624222099,161.537156242221,103.12751009046215
2021-01-07,16478.106536191022,164.7810653619102,105.01491861016932
2021-01-08,16811.45298191567,168.1145298191567,105.10335783570758
2021-01-13,16814.506301008078,168.14506301008078,106.8013376656908
2021-01-14,16865.929103542643,168.65929103542643,107.18061065637391
2021-01-15,16660.676319162005,166.60676319162005,103.9344067226367
2021-01-21,17023.904312044917,170.23904312044917,105.79964797223312
2021-01-22,16851.235060238556,168.51235060238557,104.12897935869321
2021-01-27,16256.272364588718,162.56272364588716,100.36520002570211
2021-01-28,16144.943464760996,161.44943464760996,99.66433374847435
2021-01-29,16232.902785295033,162.32902785295033,100.16062312329109
2021-02-03,16678.368316507138,166.78368316507138,102.61833709691186
2021-02-04,16585.171982024603,165.85171982024602,102.67094189249899
2021-02-05,16801.671542266966,168.01671542266965,101.96360549900132
2021-02-10,17161.513139880928,171.6151313988093,102.08227187942542
2021-02-11,17126.841224371427,171.26841224371427,101.85753252442878
2021-02-12,17213.474368406412,172.13474368406412,102.06063515819457
2021-02-18,17224.991023976334,172.24991023976335,103.38710562526981
2021-02-19,17348.93228952885,173.4893228952885,101.9092446217168
2021-02-24,17018.722737779713,170.18722737779714,100.9939192999352
2021-02-25,17268.834219378015,172.68834219378016,106.22874563171676
2021-02-26,16906.583144682918,169.06583144682918,104.71751221417607
2021-03-02,17402.4190292495,174.024190292495,107.20460326426584
2021-03-03,17158.942458347217,171.58942458347218,102.8814218076983
2021-03-04,16850.32482225293,168.5032482225293,101.59873434243374
2021-03-05,16754.689958856514,167.54689958856514,99.72037553946782
2021-03-09,16974.308995805048,169.74308995805046,98.9091629476375
2021-03-10,17063.72136185905,170.6372136185905,99.63145648584307
2021-03-11,17263.01884447071,172.6301884447071,100.28782380014596
2021-03-12,17341.91095371804,173.41910953718042,100.67878078762979
2021-03-16,17764.631803169614,177.64631803169613,102.39611007008
2021-03-17,17481.522644488323,174.81522644488322,102.71935746201002
2021-03-18,17658.693901982435,176.58693901982434,102.25759120535736
2021-03-19,17392.557240587208,173.9255724058721,102.87446666038565
2021-03-23,17132.65019291758,171.3265019291758,98.44981990217279
2021-03-24,17042.277981763422,170.42277981763422,99.3200951814659
2021-03-25,16854.29077281896,168.54290772818962,100.02353634489462
2021-03-26,17337.351102438177,173.37351102438177,103.47760027199828
2021-03-30,17355.324576292547,173.55324576292548,102.24466033098409
2021-03-31,17481.54930954154,174.8154930954154,102.4486332073871
2021-04-01,17497.41036901917,174.9741036901917,101.35776671890464
2021-04-06,17727.340210260652,177.27340210260652,102.22253047874159
2021-04-07,17792.90687080622,177.92906870806218,100.15916495174169
2021-04-08,17705.917554482065,177.05917554482065,101.28361192876119
2021-04-09,17726.36964292337,177.26369642923373,100.38324318500894
2021-04-13,17830.63095064221,178.3063095064221,102.51874237925587
2021-04-14,17805.80053891061,178.05800538910609,103.92904972910321
2021-04-15,17951.319168333746,179.51319168333745,105.33403567024942
2021-04-16,18071.207351426885,180.71207351426887,107.22021825190329
2021-04-20,17847.11723139465,178.4711723139465,102.94027689665226
2021-04-21,17643.891452578187,176.43891452578185,101.66269939243789
2021-04-22,17977.71303165753,179.77713031657532,102.83821366934099
2021-04-23,17898.599453892926,178.98599453892928,102.29284834962836
2021-04-27,18209.580164557505,182.09580164557505,102.72031759179379
2021-04-28,18286.217496417245,182.86217496417245,102.77251282880835
2021-04-29,18387.087002965243,183.87087002965242,103.84712877142448
2021-04-30,18319.823413442475,183.19823413442475,103.34785848695205
2021-05-04,18313.577232194224,183.13577232194226,102.70852042694887
2021-05-05,18404.683846715558,184.04683846715557,103.3634169185273
2021-05-06,18299.27401164399,182.99274011643988,101.93832464370662
2021-05-07,18411.35498844189,184.11354988441892,101.88226293019733
2021-05-11,18183.481672880906,181.83481672880905,101.88469900838977
2021-05-12,18149.81733399278,181.4981733399278,102.86742798647555
2021-05-13,17789.941206713767,177.89941206713766,98.95552996861664
2021-05-14,18170.79858403543,181.7079858403543,101.52078452196048
2021-05-18,18372.670029896035,183.72670029896034,100.89562671881893
2021-05-19,17927.416793874763,179.27416793874764,98.03786265468635
2021-05-20,18016.82928964456,180.1682928964456,97.98631662937706
2021-05-21,18170.135943637015,181.70135943637015,99.1829207824371
2021-05-26,18136.87409840587,181.36874098405872,99.03512497013571
2021-05-27,18336.05088614768,183.3605088614768,99.62708970640577
2021-05-28,18405.768467685244,184.05768467685243,100.58196000548159
2021-06-01,18544.73457020423,185.4473457020423,100.724441964462
2021-06-02,18631.55820055537,186.3155820055537,102.46419544801878
2021-06-03,18499.611409352365,184.99611409352366,101.9272594810332
2021-06-04,18678.6349823344,186.78634982334398,104.99548461287351
2021-06-08,18734.785403393886,187.34785403393886,103.10380865623576
2021-06-09,18746.033664332877,187.4603366433288,102.0321686169147
2021-06-10,18697.52484741748,186.9752484741748,104.29570005761141
2021-06-11,18573.7241094254,185.737241094254,103.09097017476279
2021-06-15,18462.72505669714,184.6272505669714,101.61027476056164
2021-06-16,18457.818044044547,184.57818044044546,101.76956593455586
2021-06-17,18397.187949031795,183.97187949031795,100.33342546475097
2021-06-18,17743.65528259856,177.43655282598561,96.40268654770297
2021-06-22,18023.64952386864,180.23649523868642,97.19011860556465
2021-06-23,18074.72539759859,180.74725397598593,97.01134603470696
2021-06-24,18139.768519836045,181.39768519836045,98.05486244249215
2021-06-25,18202.367229354437,182.02367229354437,97.45020043793136
2021-06-29,18196.505354168134,181.96505354168133,97.12684166038945
2021-06-30,18152.096363142835,181.52096363142834,96.83166417053813
2021-07-01,18188.130076096484,181.88130076096485,97.27560318556627
2021-07-02,18352.205970933468,183.52205970933468,98.80735744115248
2021-07-06,18407.44865081047,184.0744865081047,99.70060537804186
2021-07-07,18332.915504424174,183.32915504424173,99.32330820835742
2021-07-08,17984.40034186204,179.84400341862042,97.75624618113727
2021-07-09,18315.67162976796,183.1567162976796,103.22377964438016
2021-07-13,18542.726934293416,185.42726934293415,102.87997949437136
2021-07-14,18466.102354884664,184.66102354884663,102.16532726598476
2021-07-15,18173.697700839664,181.73697700839665,100.18704307591642
2021-07-16,18274.193359194403,182.74193359194405,100.39459774069459
2021-07-20,17831.022855910676,178.31022855910678,97.99146874004717
2021-07-21,18184.16772807233,181.8416772807233,100.17668132808404
2021-07-22,18277.07190519021,182.7707190519021,100.48901029804387
2021-07-23,18365.725253641183,183.65725253641182,100.07366570933831
2021-07-27,18380.605942436687,183.80605942436688,99.85417474804362
2021-07-28,18458.131430485904,184.58131430485903,100.68301152662549
2021-07-29,18451.46225926038,184.5146225926038,102.59703914792848
2021-07-30,18459.59039046464,184.5959039046464,100.78576840427064
2021-08-03,18475.149111016734,184.75149111016734,99.63555617511844
2021-08-04,18594.291738417443,185.94291738417442,100.69418755008076
2021-08-05,18644.078453752783,186.44078453752783,102.58825012199573
2021-08-06,18737.871773598647,187.37871773598647,102.53733998152619
2021-08-10,18668.68252397645,186.68682523976452,104.69776565727472
2021-08-11,18758.801898172842,187.5880189817284,103.16007957413088
2021-08-12,18737.078043279806,187.37078043279806,102.51684810606325
2021-08-13,18788.412205729805,187.88412205729804,102.30149883138876
2021-08-17,18799.48654102016,187.9948654102016,102.278927038071
2021-08-18,18704.454833825068,187.04454833825068,101.33449804638583
2021-08-19,18443.784765756634,184.43784765756635,99.9583908668274
2021-08-20,18595.82309215781,185.9582309215781,100.73800500884104
2021-08-24,18940.6799169121,189.406799169121,102.5197675163432
2021-08-25,18982.667621570174,189.82667621570172,102.08868339066828
2021-08-26,19124.59857214472,191.24598572144723,102.57733370723517
2021-08-27,19038.36861869066,190.3836861869066,101.60368716747976
2021-08-31,19132.7380450202,191.32738045020199,102.48574327860445
2021-09-01,19114.10078380867,191.1410078380867,101.89403826302166
2021-09-02,19217.737378061935,192.17737378061935,102.5652843718315
2021-09-03,19227.884078310195,192.27884078310197,102.33905807349896
2021-09-08,19040.07138227454,190.4007138227454,101.2797415542676
2021-09-09,18987.685893990154,189.87685893990152,101.51424386693641
2021-09-10,19078.26681537057,190.7826681537057,103.44008595671718
2021-09-14,18933.556989412118,189.3355698941212,101.81618149183585
2021-09-15,18761.09584809584,187.6109584809584,99.05186049495556
2021-09-16,18914.786656743792,189.14786656743792,99.64240555553295
2021-09-17,18789.73112264537,187.89731122645372,98.2490223351036
2021-09-21,18525.423932174377,185.25423932174377,97.30573193118708
2021-09-22,18504.69634911436,185.04696349114363,96.71744998322755
2021-09-23,18697.477347342952,186.97477347342954,97.82033462532208
2021-09-24,18778.9894355059,187.789894355059,97.7169635846055
2021-09-28,18734.54854165119,187.3454854165119,97.43427027825955
2021-09-29,18527.194309021943,185.27194309021945,97.30632799134324
2021-09-30,18570.9372793032,185.709372793032,97.80516374131268
2021-10-01,18297.84659816849,182.9784659816849,95.90937570611325
2021-10-05,18098.020112600298,180.98020112600298,95.58700524534791
2021-10-06,18005.540564652514,180.05540564652514,95.9727550588682
2021-10-07,18343.365861870352,183.4336586187035,96.97897308997821
2021-10-08,18401.772542730952,184.01772542730953,97.93526273802368
2021-10-12,18306.36491887261,183.0636491887261,98.81752226505698
2021-10-13,18287.796670045947,182.8779667004595,98.82786685619516
2021-10-14,18429.562934802543,184.29562934802544,98.56710930804533
2021-10-15,18654.19198700531,186.5419198700531,99.33544108468034
2021-10-19,18667.727500256224,186.67727500256223,99.64332718642027
2021-10-20,18607.89588232207,186.07895882322072,100.43558442770166
2021-10-21,18834.472598361852,188.3447259836185,101.41907387384454
2021-10-22,18930.008932265846,189.30008932265844,103.45484552351986
2021-10-26,19140.279694108838,191.40279694108838,105.75897018029553
2021-10-27,19023.544919945678,190.23544919945678,105.65383944812882
2021-10-28,18871.74763332356,188.71747633323562,102.88050609376731
2021-10-29,18980.425187628338,189.8042518762834,103.14454840452836
2021-11-02,19155.518499536454,191.55518499536456,104.63857016085387
2021-11-03,19178.460253245055,191.78460253245055,104.87026184328671
2021-11-04,19341.471249980812,193.41471249980813,104.94807347523263
2021-11-05,19394.110534045725,193.94110534045726,103.96650011727043
2021-11-09,19385.73565078834,193.8573565078834,103.84625365097205
2021-11-10,19338.921737350192,193.3892173735019,103.92857881219453
2021-11-11,19318.92758697576,193.18927586975758,102.57217177748869
2021-11-12,19417.078303528044,194.17078303528044,102.57300127540879
2021-11-16,19541.19547802307,195.4119547802307,102.09461820998169
2021-11-17,19604.867696604375,196.04867696604376,103.05580678630089
2021-11-18,19600.37749351119,196.0037749351119,103.86095593447328
2021-11-19,19464.135160309266,194.64135160309266,102.54846752851572
2021-11-23,19438.070966543375,194.38070966543376,101.47504473456961
2021-11-24,19412.25734830448,194.1225734830448,101.21906082121409
2021-11-30,19031.97948293034,190.3197948293034,98.3998540594435
2021-12-01,18961.28864819107,189.6128864819107,97.7682818446618
2021-12-02,18490.337068623143,184.90337068623143,95.38114726056946
2021-12-03,18972.65223109771,189.7265223109771,98.10605001030078
2021-12-07,19065.24736253129,190.6524736253129,98.68688247159488
2021-12-08,19265.433713744846,192.65433713744847,99.21901437789616
2021-12-09,19165.75679482144,191.6575679482144,98.07873226781919
2021-12-10,19116.559916681283,191.16559916681283,97.50925235773119
2021-12-14,18676.153926704374,186.76153926704373,95.28466445550457
2021-12-15,18757.012292581057,187.57012292581058,96.36704707450782
2021-12-16,19181.91947270612,191.8191947270612,98.6822175190216
2021-12-17,18824.96883862377,188.24968838623766,96.97465112303384
2021-12-21,18596.57760776589,185.96577607765886,97.7122617457897
2021-12-22,18796.985484291898,187.96985484291898,99.13348102574851
2021-12-23,19070.59643466621,190.7059643466621,103.13817624789398
2021-12-28,19434.14634585617,194.3414634585617,102.43241750882903
2021-12-29,19505.617729810238,195.0561772981024,102.30980673318932
2021-12-30,19626.057272158298,196.26057272158297,101.87186836160438
2021-12-31,19592.42638093867,195.92426380938667,102.22620787003056
2022-01-04,19424.221000156955,194.24221000156953,101.60939564867633
2022-01-05,19407.137356389743,194.07137356389742,103.9139933872582
2022-01-06,18961.47427394417,189.6147427394417,101.09005623163124
2022-01-07,18954.58320048918,189.54583200489182,98.8148408581299
2022-01-11,18686.226822921784,186.86226822921785,99.26298940045349
2022-01-12,18869.992555531077,188.69992555531076,101.47024336161192
2022-01-13,18944.483421387766,189.44483421387764,100.78468931743939
2022-01-14,18617.16622347262,186.1716622347262,97.62235956936641
2022-01-19,18366.092572648817,183.6609257264882,94.50424137906583
2022-01-20,18029.64449030685,180.2964449030685,92.43308640644756
2022-01-21,17738.580920531454,177.38580920531456,90.38280422067028
2022-01-25,17371.220300242476,173.71220300242476,88.66293516939184
2022-01-26,17773.722184395298,177.73722184395297,91.5028828402008
2022-01-27,17796.678364284846,177.96678364284847,91.70171796833984
2022-01-28,17478.97153117906,174.7897153117906,92.1815006504938
2022-02-01,17802.35230064103,178.0235230064103,93.92109608710142
2022-02-02,18064.045314503346,180.64045314503346,96.67037377682246
2022-02-03,18236.597170215504,182.36597170215504,96.64337236248716
2022-02-04,18141.733906722253,181.4173390672225,95.76262125068435
2022-02-08,18441.944188549875,184.41944188549874,99.05881468307552
2022-02-09,18387.89404636925,183.8789404636925,100.11870501923146
2022-02-10,18426.00086843775,184.2600086843775,102.19835936501127
2022-02-11,18425.50806035722,184.2550806035722,103.87250334681895
2022-02-16,18262.45209712703,182.6245209712703,105.13050771034267
2022-02-17,18289.84096902484,182.8984096902484,102.90383060607687
2022-02-18,18034.08313975276,180.3408313975276,101.33398362665447
2022-02-22,18131.83100625994,181.3183100625994,103.73511378467724
2022-02-23,18023.435227427235,180.23435227427237,101.24187479863684
2022-02-24,17395.138747916815,173.95138747916818,96.29702785317153
2022-02-25,17737.466777689944,177.37466777689943,97.2630289090294
2022-03-01,18420.716282155277,184.20716282155277,101.53779333809791
2022-03-02,18203.499822131864,182.03499822131863,98.70705407206441
2022-03-03,18592.186246917696,185.92186246917697,101.1110146710291
2022-03-04,18306.888552691686,183.06888552691686,99.35356393068399
2022-03-08,17955.644294090274,179.55644294090274,97.44992775923576
2022-03-09,18241.980608654878,182.41980608654876,99.8879039443155
2022-03-10,18231.19996591169,182.31199965911688,99.67937937124513
2022-03-11,18369.329279599417,183.69329279599415,101.85895860215741
2022-03-15,17973.841854261213,179.73841854261212,99.12866410488724
2022-03-16,18254.689484216786,182.54689484216786,101.28307536200222
2022-03-17,18307.337938404868,183.07337938404868,105.2439891610367
2022-03-18,18615.77848707521,186.15778487075212,104.9517313852844
2022-03-22,19046.79697048034,190.4679697048034,103.39878579494525
2022-03-23,19142.26328833129,191.42263288331293,105.1570493332171
2022-03-24,19236.48509041187,192.36485090411867,103.46542808326798
2022-03-25,19417.272140314093,194.1727214031409,106.06538672274348
2022-03-29,19650.190057066724,196.50190057066723,109.43739882135097
2022-03-30,19596.058457744133,195.96058457744132,107.42286639887566
2022-03-31,19450.735921996074,194.50735921996073,106.68927968737465
2022-04-01,19350.52909993338,193.5052909993338,105.34151141502844
2022-04-05,19278.355735583787,192.78355735583787,107.25784666350174
2022-04-06,19079.222363686462,190.7922236368646,104.51682774545455
2022-04-07,19112.71494044458,191.12714940444582,104.39920323069039
2022-04-08,19346.840108186145,193.46840108186146,103.92710743533236
2022-04-12,19340.679065499447,193.40679065499447,101.5429475910022
2022-04-13,19324.239330243257,193.2423933024326,100.95065060578754
2022-04-14,19461.692649532306,194.61692649532304,101.17073133715415
2022-04-19,19394.612366843754,193.94612366843754,99.88330094306454
2022-04-20,19624.831472297097,196.24831472297097,99.87094992620436
2022-04-21,19799.476268317307,197.99476268317306,101.03805472417737
2022-04-22,19378.034526983076,193.78034526983078,99.62622804965038
2022-04-26,18765.6670530339,187.656670530339,96.97753976710904
2022-04-27,18655.19580768124,186.55195807681238,96.76756702464866
2022-04-28,18748.803496127675,187.48803496127675,98.26817434557672
2022-04-29,18903.72187258653,189.03721872586533,98.90652338765437
2022-05-03,18311.254958726942,183.11254958726943,94.64726465061848
2022-05-04,18787.136028772344,187.87136028772343,97.1379338085676
2022-05-05,19057.672048385626,190.57672048385626,98.62055485185157
2022-05-06,18551.014154653614,185.51014154653615,95.32066140762645
2022-05-10,18358.746426819373,183.5874642681937,94.65900158027775
2022-05-11,18123.37960269628,181.2337960269628,92.34922413616492
2022-05-12,17928.749101786238,179.28749101786238,90.55163307766597
2022-05-13,18346.204789922398,183.462047899224,94.67526112814022
2022-05-17,19247.592958737696,192.47592958737695,102.56812563252784
2022-05-18,19252.130662939915,192.52130662939913,103.1998316255297
2022-05-19,18352.055200259565,183.52055200259565,97.88387405121584
2022-05-20,18651.89929481681,186.5189929481681,98.66786773807276
2022-05-24,18930.13522589314,189.30135225893142,103.37978073354958
2022-05-25,19038.450899726515,190.38450899726516,101.33769655241376
2022-05-26,19451.559642571534,194.51559642571533,102.06681903847365
2022-05-27,19351.54095890817,193.51540958908168,104.31527245670145
2022-06-01,19624.90820073378,196.2490820073378,106.89677685217511
2022-06-02,19355.280459187066,193.55280459187065,106.7973020678081
2022-06-03,19437.075004320854,194.37075004320855,108.41288978930683
2022-06-07,19362.456355754115,193.62456355754114,105.5393013294496
2022-06-08,19617.40080247906,196.1740080247906,101.92131995171627
2022-06-09,19324.8083392176,193.248083392176,100.37750458663565
2022-06-10,18685.428263386995,186.85428263386996,101.81654348512812
2022-06-14,17904.693459731727,179.04693459731726,95.99394236868561
2022-06-15,17706.071906871737,177.06071906871736,93.53378460103605
2022-06-16,17026.64359661164,170.2664359661164,89.43292543226941
2022-06-17,16452.831130351835,164.52831130351834,84.5836088862679
2022-06-21,16240.841997274327,162.40841997274327,83.92531649939804
2022-06-22,15871.4185227329,158.714185227329,80.87384848067451
2022-06-23,16169.55455762129,161.6955455762129,83.54079183567885
2022-06-24,15789.58327610943,157.89583276109428,81.23435893826316
2022-06-28,16708.058191203472,167.08058191203472,86.29100504718859
2022-06-29,17080.231557811265,170.80231557811265,87.06674105191769
2022-06-30,16856.66387566281,168.5666387566281,87.22810379161194
2022-07-01,16871.00114985513,168.7100114985513,90.28961451695956
2022-07-06,17119.657010923558,171.19657010923558,95.61547115803047
2022-07-07,17167.372002560085,171.67372002560083,96.95754141774053
2022-07-08,17188.79236351592,171.8879236351592,100.95232372712933
2022-07-12,17209.503551568978,172.0950355156898,104.5990408290355
2022-07-13,17023.63207326117,170.2363207326117,104.81988603865624
2022-07-14,16761.91358943938,167.61913589439382,105.61068354054812
2022-07-15,17057.28675095006,170.5728675095006,105.49014625087709
2022-07-19,16903.767725805927,169.03767725805926,107.05645253717573
2022-07-20,17042.166984701027,170.4216698470103,101.99968655647524
2022-07-21,16876.768173817076,168.76768173817075,98.80877853847866
2022-07-22,16986.964699887936,169.86964699887938,100.77299295510811
2022-07-26,16988.999614136424,169.88999614136424,100.69941589851832
2022-07-27,16998.36449420016,169.9836449420016,99.29150147899573
2022-07-28,17075.74716069959,170.7574716069959,99.46628498615378
2022-07-29,17143.849857156547,171.43849857156548,99.73853598665391
2022-08-02,17354.587897801324,173.54587897801323,100.84304782992488
2022-08-03,17364.58284776273,173.64582847762728,102.00280864291638
2022-08-04,17111.22739205491,171.1122739205491,102.08397329309472
2022-08-05,16715.00050009279,167.1500050009279,97.99331361514335
2022-08-09,17151.66761694578,171.51667616945778,101.46653630812376
2022-08-10,17412.594287196152,174.1259428719615,102.17359272930292
2022-08-11,17549.345165504445,175.49345165504445,103.98522385779296
2022-08-12,17568.914872346988,175.68914872346988,103.42586320005063
2022-08-16,17836.867919043616,178.36867919043615,104.99069000037935
2022-08-17,17759.597337972053,177.59597337972053,104.47827109503167
2022-08-18,17884.80851131356,178.84808511313562,104.73807291124604
2022-08-19,17735.773477835883,177.35773477835883,103.45268784789458
2022-08-23,17458.647207416227,174.58647207416226,100.59960691793832
2022-08-24,17431.823664871394,174.31823664871393,100.387229671442
2022-08-25,17631.661640767183,176.31661640767183,103.04147818732116
2022-08-26,17791.498902545958,177.9149890254596,106.44031331286645
2022-08-30,17423.001649132024,174.23001649132024,101.58196881053227
2022-08-31,17129.400557147397,171.29400557147397,98.37362701170271
2022-09-01,16963.826550953494,169.63826550953493,96.66358710807134
2022-09-02,17214.583031887036,172.14583031887037,97.9831888136833
2022-09-07,16757.07740348045,167.5707740348045,93.9462997625815
2022-09-08,17084.571438519935,170.84571438519936,96.19909231833294
2022-09-09,17407.649934078174,174.07649934078174,97.33204536725376
2022-09-13,17210.343480908436,172.10343480908438,97.03745654180761
2022-09-14,17167.095729898123,171.67095729898122,98.33004542646205
2022-09-15,17154.00287721159,171.5400287721159,98.40624370117014
2022-09-16,16945.607146452392,169.45607146452392,96.10896290835956
2022-09-20,17166.265008657196,171.66265008657194,96.48577167492452
2022-09-21,17323.29855679852,173.2329855679852,99.42775019860902
2022-09-22,16982.10244370045,169.8210244370045,99.14008600035051
2022-09-23,16407.074504137683,164.07074504137685,96.71800436568059
2022-09-27,16193.802199535625,161.93802199535625,94.07025525706553
2022-09-28,16201.745719508646,162.01745719508648,96.68598723631568
2022-09-29,16464.799218975324,164.64799218975324,96.3723279698592
2022-09-30,16153.990401443421,161.5399040144342,92.79822642698875
2022-10-04,16978.21661301488,169.7821661301488,98.6512362861842
2022-10-05,17049.521124397877,170.49521124397876,99.31511650339621
2022-10-06,16878.357502304512,168.78357502304513,98.39311339236592
2022-10-07,16511.404244020927,165.11404244020926,97.43766689101861
2022-10-11,16814.972312499118,168.14972312499117,97.95358689860075
2022-10-12,17126.54625507512,171.2654625507512,98.86423303807702
2022-10-13,16581.778353641563,165.81778353641562,97.64267062110801
2022-10-14,17319.06147375694,173.1906147375694,105.55849837452291
2022-10-18,17252.146938861224,172.52146938861225,106.5354925686072
2022-10-19,17156.73677564379,171.56736775643787,105.89437133916519
2022-10-20,17426.10133298803,174.26101332988029,105.83852922363504
2022-10-21,17405.99956620693,174.0599956620693,107.75046371608366
2022-10-25,18031.20735636443,180.3120735636443,106.20201030149636
2022-10-26,18291.50537460679,182.91505374606788,107.28456970226354
2022-10-27,18360.36789803592,183.60367898035918,108.78053682373452
2022-10-28,18404.42576321707,184.04425763217068,111.46493351637031
2022-11-01,18894.606163367986,188.94606163367988,112.3677506701751
2022-11-02,18818.015417717957,188.18015417717956,109.87630043705747
2022-11-03,18225.064135564746,182.25064135564745,109.91019025147142
2022-11-04,18965.28510008412,189.6528510008412,109.5052704144601
2022-11-08,19031.435479371576,190.31435479371575,110.31343256474604
2022-11-09,18988.047485234332,189.88047485234333,110.67400364963531
2022-11-10,19072.90670577496,190.7290670577496,109.45022263625592
2022-11-11,19015.849739068355,190.15849739068355,109.2488234688164
2022-11-15,18783.41581432096,187.8341581432096,104.17170322036714
2022-11-16,18688.534070995076,186.88534070995075,102.17056326560996
2022-11-17,18554.477643040354,185.54477643040354,101.05722143522627
2022-11-18,18788.52422465666,187.8852422465666,102.08698965336505
2022-11-22,19076.160282428667,190.76160282428668,100.96087802778695
2022-11-23,19069.962382342692,190.69962382342692,101.33886044320867
2022-11-29,18797.77396628294,187.9777396628294,103.14242971359755
2022-11-30,18989.25191727861,189.89251917278608,100.126372037478
2022-12-01,19226.614587496806,192.26614587496806,101.02556167314225
2022-12-02,18893.718419269368,188.93718419269368,99.50321871673053
2022-12-06,18716.05635439239,187.1605635439239,98.12901957269827
2022-12-07,18552.901436315387,185.52901436315386,97.56546087024535
2022-12-08,18726.60943937213,187.2660943937213,99.6975716477217
2022-12-09,18485.38301491461,184.8538301491461,98.91296419875029
2022-12-13,18727.731224330935,187.27731224330935,100.9337561780165
2022-12-14,18514.54761018417,185.14547610184172,98.54178746985916
2022-12-15,18270.70286251661,182.7070286251661,95.77767533933978
2022-12-16,17973.769032420714,179.73769032420714,94.25172778034965
2022-12-20,18012.46285110936,180.12462851109362,95.82231855440878
2022-12-21,18117.898251709124,181.17898251709124,95.41133231911772
2022-12-22,18210.74417818624,182.1074417818624,94.71633238037032
2022-12-23,18129.75580229394,181.2975580229394,95.9565258673683
2022-12-27,18237.556609799427,182.37556609799427,97.44337302937932
2022-12-28,18209.747562611126,182.09747562611128,98.15040318689682
2022-12-29,17917.343136546715,179.17343136546714,95.67852202265748
2022-12-30,17791.339940109854,177.91339940109853,96.24544931395374
2023-01-03,17993.360548751098,179.933605487511,96.0786991932811
2023-01-04,17703.02322776981,177.0302322776981,95.61682845565197
2023-01-05,17804.70313339498,178.0470313339498,97.44947015652225
2023-01-06,18172.76448283203,181.72764482832028,101.10714369397076
2023-01-10,18209.18273950843,182.0918273950843,101.0921320977878
2023-01-11,18342.017038784154,183.42017038784152,101.23700212884177
